id,payment_id,payment_type,payment_date,payment_status,amount
1,PAY-102562,Debit Card,2024-01-24,Refunded,113
2,PAY-209978,Debit Card,2024-06-04,Pending,351
3,PAY-876653,Apple Pay,2024-03-25,Refunded,940
4,PAY-479035,Apple Pay,2024-10-20,Failed,71
5,PAY-923203,Bank Transfer,2024-04-30,Completed,799
6,PAY-320648,Bank Transfer,2024-06-25,Failed,1493
7,PAY-862031,Apple Pay,2024-10-13,Refunded,423
8,PAY-834599,Bank Transfer,2024-03-03,Pending,684
9,PAY-379571,Credit Card,2024-07-03,Refunded,864
10,PAY-446636,Credit Card,2024-12-12,Failed,716
11,PAY-740142,Debit Card,2024-03-22,Completed,411
12,PAY-776450,PayPal,2024-06-13,Pending,599
13,PAY-460492,Bank Transfer,2024-01-23,Failed,1406
14,PAY-428530,PayPal,2024-12-04,Failed,75
15,PAY-770682,Apple Pay,2024-02-16,Refunded,1422
16,PAY-435797,Debit Card,2024-05-05,Failed,1739
17,PAY-984877,Debit Card,2024-10-21,Refunded,63
18,PAY-357937,PayPal,2024-11-30,Completed,749
19,PAY-460220,Apple Pay,2024-12-04,Refunded,1519
20,PAY-567740,Debit Card,2024-02-20,Pending,257
21,PAY-555499,Credit Card,2024-08-17,Pending,1287
22,PAY-585683,Credit Card,2024-09-26,Pending,14
23,PAY-401067,Apple Pay,2024-11-04,Refunded,1708
24,PAY-294400,Bank Transfer,2024-05-03,Pending,133
25,PAY-874045,PayPal,2024-01-14,Refunded,1310
26,PAY-427771,Apple Pay,2024-03-26,Pending,1139
27,PAY-504290,Debit Card,2024-01-09,Failed,171
28,PAY-347513,Credit Card,2024-05-26,Refunded,1746
29,PAY-251491,Apple Pay,2024-01-29,Pending,1940
30,PAY-651617,Apple Pay,2024-02-01,Refunded,337
31,PAY-886338,Apple Pay,2024-08-20,Pending,379
32,PAY-675324,PayPal,2024-10-13,Completed,1259
33,PAY-677089,Apple Pay,2024-06-12,Refunded,110
34,PAY-385169,Apple Pay,2024-09-11,Refunded,1155
35,PAY-965347,Bank Transfer,2024-11-05,Refunded,1291
36,PAY-700905,Debit Card,2024-01-09,Pending,1070
37,PAY-115311,Credit Card,2024-04-19,Pending,836
38,PAY-457129,Apple Pay,2024-05-05,Failed,1510
39,PAY-277658,Bank Transfer,2024-07-28,Refunded,474
40,PAY-914973,Credit Card,2024-03-18,Completed,1421
41,PAY-527826,Bank Transfer,2024-01-08,Pending,1141
42,PAY-535055,Debit Card,2024-09-23,Failed,1755
43,PAY-343036,Debit Card,2024-10-17,Refunded,1204
44,PAY-837947,Debit Card,2024-06-16,Pending,882
45,PAY-370329,Debit Card,2024-11-29,Failed,1186
46,PAY-853128,Credit Card,2024-05-09,Pending,800
47,PAY-564907,Credit Card,2024-01-07,Completed,885
48,PAY-288549,Debit Card,2024-11-05,Failed,519
49,PAY-332080,Credit Card,2024-06-03,Pending,65
50,PAY-240987,PayPal,2024-12-28,Completed,1960
51,PAY-175961,PayPal,2024-05-03,Failed,525
52,PAY-293600,Credit Card,2024-01-09,Completed,41
53,PAY-939556,Debit Card,2024-05-23,Failed,195
54,PAY-682354,Apple Pay,2024-04-24,Failed,1264
55,PAY-945207,Bank Transfer,2024-07-30,Pending,1334
56,PAY-621613,Apple Pay,2024-02-08,Failed,187
57,PAY-878342,Bank Transfer,2024-10-24,Completed,950
58,PAY-552136,Bank Transfer,2024-07-02,Failed,1597
59,PAY-220313,Debit Card,2024-04-04,Completed,868
60,PAY-515835,Debit Card,2024-01-26,Failed,133
61,PAY-135318,PayPal,2024-04-20,Refunded,765
62,PAY-394528,Bank Transfer,2024-03-23,Failed,1386
63,PAY-815628,PayPal,2024-08-13,Completed,1598
64,PAY-620876,Bank Transfer,2024-05-18,Pending,1647
65,PAY-575987,PayPal,2024-07-27,Failed,47
66,PAY-399874,Apple Pay,2024-05-05,Completed,106
67,PAY-431580,Debit Card,2024-05-03,Refunded,1564
68,PAY-473704,Credit Card,2024-09-24,Refunded,140
69,PAY-811115,Bank Transfer,2024-02-11,Pending,890
70,PAY-391481,PayPal,2024-04-10,Refunded,1372
71,PAY-216550,Credit Card,2024-09-27,Completed,333
72,PAY-266597,Apple Pay,2024-09-15,Pending,1671
73,PAY-637731,Credit Card,2024-05-14,Completed,32
74,PAY-424397,Apple Pay,2024-11-04,Completed,1202
75,PAY-548023,Bank Transfer,2024-09-22,Pending,887
76,PAY-708190,PayPal,2024-10-27,Completed,1339
77,PAY-994163,Bank Transfer,2024-03-21,Completed,172
78,PAY-348522,Bank Transfer,2024-10-06,Completed,131
79,PAY-854564,Credit Card,2024-03-04,Pending,1341
80,PAY-804909,Credit Card,2024-01-31,Pending,595
81,PAY-441901,Apple Pay,2024-08-18,Completed,879
82,PAY-654562,PayPal,2024-06-16,Refunded,338
83,PAY-131918,Credit Card,2024-07-25,Pending,857
84,PAY-914248,Apple Pay,2024-01-01,Pending,78
85,PAY-293266,Apple Pay,2024-01-11,Failed,384
86,PAY-450604,Debit Card,2024-11-01,Failed,178
87,PAY-123966,Bank Transfer,2024-03-26,Pending,1175
88,PAY-808805,Apple Pay,2024-08-13,Failed,510
89,PAY-796430,Credit Card,2024-10-17,Failed,132
90,PAY-351476,Apple Pay,2024-10-29,Completed,971
91,PAY-484189,PayPal,2024-08-03,Refunded,20
92,PAY-262991,PayPal,2024-08-30,Failed,1504
93,PAY-261458,Apple Pay,2024-05-31,Refunded,1956
94,PAY-992327,Bank Transfer,2024-06-28,Refunded,1408
95,PAY-144468,Debit Card,2024-05-28,Pending,1414
96,PAY-205899,Bank Transfer,2024-03-18,Completed,376
97,PAY-854864,Apple Pay,2024-05-30,Refunded,1305
98,PAY-751683,Credit Card,2024-08-21,Completed,1120
99,PAY-648913,Bank Transfer,2024-01-20,Pending,916
100,PAY-227720,Debit Card,2024-03-24,Pending,1594
101,PAY-154421,PayPal,2024-10-13,Pending,1304
102,PAY-975190,Debit Card,2024-12-13,Pending,1911
103,PAY-133265,Apple Pay,2024-09-02,Failed,170
104,PAY-282793,Credit Card,2024-08-15,Pending,537
105,PAY-883017,Bank Transfer,2024-12-09,Completed,1732
106,PAY-462259,Bank Transfer,2024-07-22,Completed,1702
107,PAY-793299,Bank Transfer,2024-03-12,Failed,413
108,PAY-885338,Apple Pay,2024-10-10,Failed,621
109,PAY-288057,Bank Transfer,2024-06-08,Refunded,1291
110,PAY-815262,Debit Card,2024-07-18,Refunded,1527
111,PAY-718356,PayPal,2024-11-14,Failed,1555
112,PAY-452123,Credit Card,2024-09-30,Pending,672
113,PAY-313217,Bank Transfer,2024-01-01,Refunded,1383
114,PAY-386435,Debit Card,2024-03-25,Refunded,447
115,PAY-688205,Apple Pay,2024-07-09,Failed,1366
116,PAY-390007,PayPal,2024-05-19,Completed,1592
117,PAY-510111,Credit Card,2024-05-11,Refunded,1297
118,PAY-735110,Apple Pay,2024-05-31,Refunded,1780
119,PAY-607621,Credit Card,2024-01-28,Failed,699
120,PAY-229202,Debit Card,2024-02-23,Pending,1818
121,PAY-284335,Bank Transfer,2024-08-08,Pending,1898
122,PAY-969090,Credit Card,2024-03-19,Completed,1384
123,PAY-323432,Debit Card,2024-05-04,Completed,623
124,PAY-194579,Bank Transfer,2024-01-08,Completed,213
125,PAY-839007,Credit Card,2024-06-26,Completed,1815
126,PAY-810368,Debit Card,2024-04-02,Pending,1312
127,PAY-726784,Apple Pay,2024-06-08,Pending,1165
128,PAY-994105,Apple Pay,2024-09-20,Failed,1431
129,PAY-592665,Credit Card,2024-09-01,Pending,337
130,PAY-830874,Bank Transfer,2024-07-02,Completed,1715
131,PAY-155925,Debit Card,2024-11-14,Failed,247
132,PAY-359622,Apple Pay,2024-07-07,Pending,238
133,PAY-335076,Bank Transfer,2024-12-15,Completed,570
134,PAY-416708,Apple Pay,2024-11-15,Refunded,1633
135,PAY-201564,Apple Pay,2024-03-15,Failed,947
136,PAY-463615,Debit Card,2024-04-12,Pending,522
137,PAY-241422,Debit Card,2024-09-09,Failed,1647
138,PAY-632537,PayPal,2024-08-06,Refunded,367
139,PAY-215200,PayPal,2024-09-28,Refunded,1079
140,PAY-592752,Credit Card,2024-01-25,Completed,591
141,PAY-769716,PayPal,2024-10-10,Refunded,1096
142,PAY-907807,Debit Card,2024-03-23,Failed,1734
143,PAY-987026,Bank Transfer,2024-07-17,Refunded,272
144,PAY-384216,Credit Card,2024-10-15,Completed,1656
145,PAY-213936,Bank Transfer,2024-04-29,Completed,372
146,PAY-887140,PayPal,2024-06-29,Failed,1663
147,PAY-880820,Debit Card,2024-01-14,Failed,1405
148,PAY-438100,Debit Card,2024-04-26,Completed,156
149,PAY-178364,PayPal,2024-10-20,Pending,1130
150,PAY-276417,Apple Pay,2024-06-23,Completed,706
151,PAY-584847,Credit Card,2024-10-18,Pending,1565
152,PAY-211568,Credit Card,2024-11-05,Refunded,1047
153,PAY-182115,Credit Card,2024-08-20,Completed,1842
154,PAY-662733,PayPal,2024-12-28,Failed,596
155,PAY-357235,Credit Card,2024-11-12,Failed,1926
156,PAY-103773,Bank Transfer,2024-01-24,Refunded,688
157,PAY-892359,Debit Card,2024-01-23,Failed,1531
158,PAY-958079,Debit Card,2024-05-27,Completed,59
159,PAY-547533,Apple Pay,2024-09-24,Pending,1616
160,PAY-328581,Apple Pay,2024-02-12,Failed,522
161,PAY-714726,Debit Card,2024-12-16,Pending,1333
162,PAY-293876,Debit Card,2024-09-18,Refunded,675
163,PAY-803348,Credit Card,2024-02-09,Completed,406
164,PAY-130506,Bank Transfer,2024-09-10,Refunded,1965
165,PAY-151253,Apple Pay,2024-08-17,Refunded,513
166,PAY-728794,PayPal,2024-08-01,Refunded,98
167,PAY-852136,Credit Card,2024-07-16,Completed,1207
168,PAY-143749,Debit Card,2024-02-09,Failed,363
169,PAY-612414,Credit Card,2024-01-20,Refunded,1164
170,PAY-298362,Apple Pay,2024-01-21,Refunded,1000
171,PAY-987762,Debit Card,2024-03-21,Pending,1941
172,PAY-378387,PayPal,2024-10-29,Pending,645
173,PAY-642029,Bank Transfer,2024-04-06,Completed,121
174,PAY-951039,PayPal,2024-11-23,Pending,851
175,PAY-725055,PayPal,2024-09-27,Completed,184
176,PAY-757429,Credit Card,2024-08-31,Failed,312
177,PAY-653263,PayPal,2024-07-08,Failed,1320
178,PAY-599899,Apple Pay,2024-02-27,Completed,1671
179,PAY-481408,PayPal,2024-01-27,Refunded,150
180,PAY-747228,Apple Pay,2024-03-31,Failed,268
181,PAY-125721,Credit Card,2024-07-26,Pending,1635
182,PAY-200376,Debit Card,2024-02-10,Refunded,300
183,PAY-687551,Bank Transfer,2024-09-26,Completed,526
184,PAY-835190,Debit Card,2024-12-04,Pending,594
185,PAY-424358,Debit Card,2024-09-02,Completed,1092
186,PAY-338446,Credit Card,2024-02-04,Pending,440
187,PAY-709946,Apple Pay,2024-06-28,Completed,457
188,PAY-245720,Debit Card,2024-06-20,Refunded,1197
189,PAY-518269,Credit Card,2024-07-14,Completed,1600
190,PAY-987899,Apple Pay,2024-01-03,Refunded,851
191,PAY-609512,Debit Card,2024-09-08,Refunded,1203
192,PAY-926990,Bank Transfer,2024-08-15,Refunded,1651
193,PAY-283325,Debit Card,2024-05-22,Pending,777
194,PAY-557287,Debit Card,2024-12-14,Completed,1149
195,PAY-682911,Credit Card,2024-05-23,Refunded,1048
196,PAY-951635,Credit Card,2024-08-19,Pending,502
197,PAY-562993,Apple Pay,2024-11-05,Failed,1344
198,PAY-769510,Credit Card,2024-03-18,Pending,1765
199,PAY-634043,Debit Card,2024-08-20,Refunded,1776
200,PAY-192255,Credit Card,2024-07-10,Completed,1979
201,PAY-908704,Apple Pay,2024-10-09,Failed,949
202,PAY-387734,Credit Card,2024-08-20,Failed,1574
203,PAY-421145,Bank Transfer,2024-12-18,Completed,496
204,PAY-781964,Apple Pay,2024-12-24,Failed,816
205,PAY-952178,Bank Transfer,2024-10-26,Completed,1656
206,PAY-821547,Credit Card,2024-02-05,Failed,1163
207,PAY-134584,Bank Transfer,2024-02-29,Pending,1407
208,PAY-503566,Bank Transfer,2024-06-07,Pending,62
209,PAY-480380,PayPal,2024-08-29,Pending,674
210,PAY-215310,Bank Transfer,2024-11-14,Completed,1735
211,PAY-680465,Debit Card,2024-07-26,Pending,480
212,PAY-705127,PayPal,2024-10-02,Pending,1404
213,PAY-547549,Credit Card,2024-08-27,Failed,640
214,PAY-216545,Apple Pay,2024-01-23,Pending,1907
215,PAY-769884,Bank Transfer,2024-01-19,Refunded,1466
216,PAY-163137,Debit Card,2024-01-22,Refunded,1639
217,PAY-776910,Bank Transfer,2024-08-01,Completed,284
218,PAY-795997,PayPal,2024-08-30,Failed,836
219,PAY-235806,Debit Card,2024-08-03,Completed,845
220,PAY-292745,Credit Card,2024-05-01,Failed,1159
221,PAY-745839,Bank Transfer,2024-08-15,Pending,369
222,PAY-218797,Credit Card,2024-05-06,Failed,339
223,PAY-622359,Bank Transfer,2024-04-08,Failed,971
224,PAY-945829,PayPal,2024-04-01,Failed,768
225,PAY-690496,Credit Card,2024-03-22,Refunded,72
226,PAY-725971,PayPal,2024-08-04,Completed,1862
227,PAY-971247,Debit Card,2024-06-27,Failed,1374
228,PAY-834161,Bank Transfer,2024-06-17,Refunded,1639
229,PAY-835406,Bank Transfer,2024-02-22,Pending,1621
230,PAY-984145,Credit Card,2024-02-14,Completed,1521
231,PAY-163154,Bank Transfer,2024-04-30,Failed,1988
232,PAY-962709,Credit Card,2024-07-27,Completed,1476
233,PAY-215028,PayPal,2024-05-18,Failed,1884
234,PAY-247358,Apple Pay,2024-05-02,Pending,1668
235,PAY-497743,Bank Transfer,2024-06-04,Failed,638
236,PAY-657915,PayPal,2024-03-17,Failed,870
237,PAY-931356,Credit Card,2024-08-30,Failed,812
238,PAY-368070,Bank Transfer,2024-01-21,Refunded,992
239,PAY-822770,Credit Card,2024-04-08,Failed,255
240,PAY-640690,Debit Card,2024-10-30,Completed,689
241,PAY-961191,PayPal,2024-05-07,Completed,1665
242,PAY-366843,Apple Pay,2024-07-19,Refunded,1532
243,PAY-655046,Bank Transfer,2024-01-21,Failed,34
244,PAY-717572,Bank Transfer,2024-03-13,Failed,773
245,PAY-228230,Bank Transfer,2024-03-18,Refunded,1912
246,PAY-722265,Debit Card,2024-12-06,Completed,125
247,PAY-849519,Debit Card,2024-02-13,Pending,57
248,PAY-722539,Bank Transfer,2024-08-24,Failed,559
249,PAY-819933,PayPal,2024-04-16,Pending,1436
250,PAY-628434,Credit Card,2024-10-27,Completed,1661
251,PAY-983549,Apple Pay,2024-06-22,Refunded,1265
252,PAY-197757,Bank Transfer,2024-01-08,Failed,1377
253,PAY-934490,Debit Card,2024-08-11,Failed,405
254,PAY-294640,Credit Card,2024-01-20,Refunded,682
255,PAY-970843,PayPal,2024-12-03,Failed,766
256,PAY-361973,Bank Transfer,2024-02-25,Completed,1064
257,PAY-329844,Apple Pay,2024-09-29,Failed,99
258,PAY-852555,Bank Transfer,2024-05-31,Failed,1435
259,PAY-869056,Apple Pay,2024-01-26,Refunded,1312
260,PAY-786739,Bank Transfer,2024-09-03,Pending,622
261,PAY-140302,Bank Transfer,2024-04-23,Pending,1069
262,PAY-658233,Debit Card,2024-03-18,Failed,17
263,PAY-551446,Apple Pay,2024-03-23,Pending,522
264,PAY-249644,Credit Card,2024-02-14,Pending,1954
265,PAY-644637,Debit Card,2024-08-23,Completed,526
266,PAY-625863,PayPal,2024-07-11,Refunded,1589
267,PAY-193411,Apple Pay,2024-05-31,Refunded,1877
268,PAY-255349,Credit Card,2024-06-26,Failed,1478
269,PAY-292351,Credit Card,2024-05-10,Pending,1862
270,PAY-587463,Bank Transfer,2024-05-02,Refunded,1562
271,PAY-789079,PayPal,2024-11-09,Refunded,742
272,PAY-812402,Credit Card,2024-09-02,Failed,1541
273,PAY-481495,PayPal,2024-08-10,Refunded,34
274,PAY-316060,Debit Card,2024-08-29,Completed,1676
275,PAY-648215,Debit Card,2024-08-19,Failed,1867
276,PAY-235989,Debit Card,2024-10-01,Pending,1846
277,PAY-273785,Apple Pay,2024-11-12,Failed,1645
278,PAY-833290,Credit Card,2024-10-15,Refunded,1771
279,PAY-340783,Bank Transfer,2024-07-17,Pending,42
280,PAY-152475,Apple Pay,2024-06-03,Failed,477
281,PAY-573868,Debit Card,2024-10-13,Refunded,810
282,PAY-779358,Apple Pay,2024-09-17,Failed,933
283,PAY-133211,Credit Card,2024-01-15,Completed,1694
284,PAY-781907,PayPal,2024-11-22,Failed,435
285,PAY-661980,Debit Card,2024-05-20,Completed,1201
286,PAY-645114,Apple Pay,2024-08-22,Refunded,401
287,PAY-449625,Bank Transfer,2024-08-31,Failed,98
288,PAY-822653,Credit Card,2024-08-25,Refunded,270
289,PAY-544862,Debit Card,2024-10-06,Refunded,222
290,PAY-767914,Debit Card,2024-01-08,Pending,976
291,PAY-895093,Bank Transfer,2024-11-25,Refunded,1991
292,PAY-113554,Credit Card,2024-05-02,Completed,640
293,PAY-902308,Bank Transfer,2024-09-10,Pending,1636
294,PAY-154219,Bank Transfer,2024-01-20,Pending,401
295,PAY-369538,Apple Pay,2024-04-04,Pending,846
296,PAY-431011,Bank Transfer,2024-02-18,Pending,360
297,PAY-788016,PayPal,2024-07-01,Failed,88
298,PAY-515160,Credit Card,2024-09-09,Refunded,32
299,PAY-422505,Bank Transfer,2024-10-21,Failed,829
300,PAY-691662,Debit Card,2024-10-02,Refunded,1927
301,PAY-105055,Apple Pay,2024-09-01,Completed,1056
302,PAY-455178,Bank Transfer,2024-04-11,Pending,1015
303,PAY-467393,Apple Pay,2024-05-07,Pending,111
304,PAY-553066,Debit Card,2024-06-30,Failed,163
305,PAY-881576,Debit Card,2024-04-15,Completed,140
306,PAY-811713,Debit Card,2024-12-21,Refunded,1809
307,PAY-289375,Bank Transfer,2024-03-03,Failed,959
308,PAY-366382,Apple Pay,2024-10-01,Completed,1124
309,PAY-743313,Credit Card,2024-11-25,Refunded,462
310,PAY-695706,Credit Card,2024-08-01,Pending,1208
311,PAY-929225,Debit Card,2024-01-25,Failed,1066
312,PAY-449079,Bank Transfer,2024-06-29,Completed,1849
313,PAY-828558,Bank Transfer,2024-03-09,Completed,1180
314,PAY-315555,Bank Transfer,2024-07-20,Pending,1315
315,PAY-295864,PayPal,2024-11-21,Completed,1332
316,PAY-184963,Credit Card,2024-11-13,Completed,519
317,PAY-982792,Debit Card,2024-05-05,Pending,1068
318,PAY-517411,Apple Pay,2024-04-15,Pending,839
319,PAY-978274,Credit Card,2024-02-18,Completed,549
320,PAY-278691,Debit Card,2024-10-24,Pending,1184
321,PAY-251729,PayPal,2024-04-13,Completed,911
322,PAY-772552,Apple Pay,2024-04-09,Pending,553
323,PAY-531743,Debit Card,2024-02-13,Pending,1167
324,PAY-138609,Credit Card,2024-11-18,Pending,587
325,PAY-722158,Apple Pay,2024-02-09,Completed,130
326,PAY-460846,Apple Pay,2024-12-05,Pending,1643
327,PAY-511944,PayPal,2024-09-01,Failed,1142
328,PAY-959742,Debit Card,2024-10-07,Refunded,526
329,PAY-687676,Credit Card,2024-11-23,Completed,1404
330,PAY-898220,PayPal,2024-06-23,Pending,1712
331,PAY-589458,Debit Card,2024-02-20,Pending,1184
332,PAY-267559,PayPal,2024-07-02,Failed,1029
333,PAY-604389,PayPal,2024-08-09,Completed,228
334,PAY-893756,Credit Card,2024-11-21,Pending,727
335,PAY-861680,Apple Pay,2024-03-23,Refunded,1519
336,PAY-626659,Apple Pay,2024-04-10,Completed,392
337,PAY-383600,Bank Transfer,2024-09-19,Completed,1023
338,PAY-679301,Apple Pay,2024-11-05,Failed,1774
339,PAY-225971,PayPal,2024-02-06,Failed,816
340,PAY-445295,Credit Card,2024-02-23,Refunded,247
341,PAY-461037,Bank Transfer,2024-10-19,Failed,875
342,PAY-255987,Bank Transfer,2024-11-14,Refunded,1098
343,PAY-384263,PayPal,2024-03-02,Completed,1036
344,PAY-678498,Bank Transfer,2024-06-11,Pending,565
345,PAY-788552,Credit Card,2024-03-01,Failed,933
346,PAY-380775,Bank Transfer,2024-10-16,Pending,595
347,PAY-786759,Credit Card,2024-09-01,Pending,1384
348,PAY-217927,Apple Pay,2024-03-24,Completed,1485
349,PAY-568520,Bank Transfer,2024-01-24,Refunded,364
350,PAY-946927,Apple Pay,2024-09-09,Failed,1841
351,PAY-750653,Credit Card,2024-03-21,Pending,632
352,PAY-281371,Credit Card,2024-09-29,Completed,436
353,PAY-299726,Apple Pay,2024-12-20,Pending,113
354,PAY-935659,Apple Pay,2024-05-23,Refunded,948
355,PAY-851485,Apple Pay,2024-06-08,Refunded,57
356,PAY-640248,Bank Transfer,2024-09-10,Completed,1293
357,PAY-922061,Credit Card,2024-06-13,Pending,298
358,PAY-980156,Apple Pay,2024-06-25,Failed,1555
359,PAY-630435,Credit Card,2024-10-05,Refunded,1623
360,PAY-320740,Bank Transfer,2024-07-14,Failed,1695
361,PAY-999885,Credit Card,2024-11-11,Failed,200
362,PAY-929654,Debit Card,2024-09-08,Completed,1251
363,PAY-430899,Debit Card,2024-07-05,Refunded,1534
364,PAY-208076,Bank Transfer,2024-04-16,Failed,1454
365,PAY-414402,Apple Pay,2024-05-09,Failed,1496
366,PAY-604908,Credit Card,2024-06-14,Pending,259
367,PAY-914134,Apple Pay,2024-06-02,Refunded,108
368,PAY-813498,Debit Card,2024-06-01,Failed,1568
369,PAY-938655,Bank Transfer,2024-02-03,Pending,250
370,PAY-680241,Credit Card,2024-03-21,Completed,1775
371,PAY-102511,Credit Card,2024-01-28,Pending,447
372,PAY-906318,Credit Card,2024-10-18,Failed,728
373,PAY-592253,PayPal,2024-12-08,Completed,1321
374,PAY-484593,PayPal,2024-07-15,Pending,771
375,PAY-713638,Debit Card,2024-05-28,Completed,1690
376,PAY-870469,Credit Card,2024-04-07,Failed,1748
377,PAY-213923,PayPal,2024-06-09,Pending,1221
378,PAY-873809,Debit Card,2024-07-25,Pending,21
379,PAY-231730,Debit Card,2024-03-02,Pending,1444
380,PAY-185629,Apple Pay,2024-10-01,Completed,1398
381,PAY-488828,Bank Transfer,2024-04-12,Completed,430
382,PAY-494112,PayPal,2024-04-25,Pending,1745
383,PAY-864578,Debit Card,2024-06-05,Refunded,1911
384,PAY-955882,Debit Card,2024-08-22,Refunded,1485
385,PAY-387927,PayPal,2024-12-02,Pending,1224
386,PAY-172092,Apple Pay,2024-08-13,Failed,1054
387,PAY-190765,Debit Card,2024-04-18,Pending,519
388,PAY-990476,Credit Card,2024-07-01,Failed,1061
389,PAY-123531,Debit Card,2024-12-06,Pending,1972
390,PAY-975706,Apple Pay,2024-12-31,Pending,1848
391,PAY-332446,Debit Card,2024-05-02,Pending,1193
392,PAY-754686,Debit Card,2024-09-10,Failed,137
393,PAY-272611,Credit Card,2024-02-29,Completed,1390
394,PAY-124114,Credit Card,2024-03-05,Failed,427
395,PAY-683422,Credit Card,2024-06-14,Failed,1764
396,PAY-241427,Bank Transfer,2024-09-06,Completed,704
397,PAY-714775,Bank Transfer,2024-12-16,Refunded,360
398,PAY-375754,Debit Card,2024-04-14,Failed,1217
399,PAY-796011,Debit Card,2024-05-05,Failed,63
400,PAY-479536,PayPal,2024-03-11,Refunded,86
401,PAY-238411,Bank Transfer,2024-07-04,Pending,643
402,PAY-815803,Bank Transfer,2024-07-23,Failed,674
403,PAY-940619,Apple Pay,2024-10-22,Pending,1924
404,PAY-965921,Apple Pay,2024-01-28,Completed,214
405,PAY-884683,PayPal,2024-08-20,Pending,459
406,PAY-441617,Bank Transfer,2024-06-10,Pending,1768
407,PAY-725331,Debit Card,2024-12-26,Failed,656
408,PAY-925959,Debit Card,2024-04-21,Refunded,599
409,PAY-719825,PayPal,2024-05-07,Completed,1202
410,PAY-811062,Debit Card,2024-03-06,Completed,557
411,PAY-685371,Credit Card,2024-08-31,Failed,1606
412,PAY-792867,PayPal,2024-09-17,Failed,523
413,PAY-642351,Apple Pay,2024-04-10,Failed,1774
414,PAY-172834,PayPal,2024-06-26,Refunded,590
415,PAY-507546,Bank Transfer,2024-04-18,Pending,668
416,PAY-938740,Debit Card,2024-05-23,Completed,1641
417,PAY-803928,Credit Card,2024-01-04,Refunded,1022
418,PAY-852918,PayPal,2024-08-17,Failed,1466
419,PAY-431186,PayPal,2024-06-26,Failed,177
420,PAY-997327,Apple Pay,2024-10-12,Refunded,218
421,PAY-796406,PayPal,2024-06-30,Completed,457
422,PAY-596661,PayPal,2024-09-22,Pending,330
423,PAY-749100,Apple Pay,2024-08-10,Completed,1822
424,PAY-136503,Apple Pay,2024-04-27,Refunded,36
425,PAY-631455,Debit Card,2024-07-09,Failed,1317
426,PAY-622393,Bank Transfer,2024-02-08,Refunded,434
427,PAY-970415,Apple Pay,2024-04-24,Completed,434
428,PAY-727037,PayPal,2024-12-28,Completed,605
429,PAY-774507,Debit Card,2024-06-18,Refunded,1217
430,PAY-574317,Apple Pay,2024-11-05,Pending,533
431,PAY-605369,PayPal,2024-05-16,Pending,554
432,PAY-141698,Apple Pay,2024-08-03,Refunded,1323
433,PAY-144811,Debit Card,2024-06-14,Pending,274
434,PAY-137366,Debit Card,2024-09-05,Refunded,201
435,PAY-656993,Apple Pay,2024-12-20,Refunded,1761
436,PAY-344528,PayPal,2024-09-11,Refunded,135
437,PAY-800789,Debit Card,2024-11-07,Failed,950
438,PAY-684790,Apple Pay,2024-10-17,Refunded,1858
439,PAY-753456,Credit Card,2024-04-24,Completed,212
440,PAY-998585,Credit Card,2024-10-04,Completed,962
441,PAY-601549,Bank Transfer,2024-07-06,Pending,706
442,PAY-433425,Bank Transfer,2024-07-06,Pending,89
443,PAY-742893,Bank Transfer,2024-10-15,Pending,1373
444,PAY-339320,Apple Pay,2024-03-19,Failed,1984
445,PAY-651731,PayPal,2024-05-30,Failed,1070
446,PAY-371353,Bank Transfer,2024-07-19,Pending,1097
447,PAY-127233,Credit Card,2024-04-07,Pending,983
448,PAY-242166,Bank Transfer,2024-09-13,Failed,1812
449,PAY-856486,PayPal,2024-09-04,Pending,1984
450,PAY-576699,Bank Transfer,2024-09-05,Failed,1150
451,PAY-785166,Debit Card,2024-07-08,Pending,1212
452,PAY-884510,Debit Card,2024-05-07,Completed,1626
453,PAY-500058,Apple Pay,2024-01-20,Completed,132
454,PAY-858849,Debit Card,2024-04-20,Pending,1645
455,PAY-117453,PayPal,2024-10-27,Failed,420
456,PAY-827127,Apple Pay,2024-08-04,Pending,311
457,PAY-962987,Credit Card,2024-10-25,Failed,836
458,PAY-894992,Credit Card,2024-02-13,Pending,1838
459,PAY-190943,Bank Transfer,2024-12-24,Completed,936
460,PAY-201374,Apple Pay,2024-09-11,Failed,1268
461,PAY-378101,PayPal,2024-12-27,Completed,1658
462,PAY-419157,Apple Pay,2024-08-10,Completed,1579
463,PAY-906788,Debit Card,2024-12-17,Completed,1050
464,PAY-201451,Apple Pay,2024-12-22,Completed,1167
465,PAY-839728,PayPal,2024-10-09,Completed,431
466,PAY-288355,Apple Pay,2024-07-29,Completed,1582
467,PAY-167442,Credit Card,2024-07-08,Completed,1258
468,PAY-391523,Credit Card,2024-02-02,Refunded,344
469,PAY-910064,Apple Pay,2024-01-06,Pending,1536
470,PAY-448526,Bank Transfer,2024-08-10,Failed,1058
471,PAY-831992,Apple Pay,2024-12-19,Failed,1204
472,PAY-351541,PayPal,2024-03-31,Failed,1831
473,PAY-994269,Apple Pay,2024-10-10,Completed,1958
474,PAY-927401,PayPal,2024-02-04,Refunded,431
475,PAY-856059,Bank Transfer,2024-01-20,Refunded,1754
476,PAY-219320,Credit Card,2024-06-12,Failed,899
477,PAY-818024,PayPal,2024-05-08,Failed,919
478,PAY-859317,Debit Card,2024-05-15,Pending,1637
479,PAY-840068,Apple Pay,2024-05-18,Failed,821
480,PAY-715669,Credit Card,2024-11-09,Pending,1742
481,PAY-864029,Apple Pay,2024-12-22,Pending,268
482,PAY-531778,Credit Card,2024-03-18,Failed,1955
483,PAY-404442,Apple Pay,2024-09-12,Refunded,1279
484,PAY-997044,PayPal,2024-07-28,Completed,1755
485,PAY-434758,Debit Card,2024-01-30,Completed,830
486,PAY-514017,Apple Pay,2024-08-22,Refunded,88
487,PAY-577994,PayPal,2024-03-09,Refunded,311
488,PAY-157031,Debit Card,2024-11-28,Refunded,728
489,PAY-905615,Credit Card,2024-11-21,Failed,1037
490,PAY-649749,PayPal,2024-03-28,Completed,38
491,PAY-181433,Bank Transfer,2024-08-25,Completed,1155
492,PAY-819198,Bank Transfer,2024-08-03,Pending,641
493,PAY-941552,PayPal,2024-01-30,Pending,1519
494,PAY-465705,Credit Card,2024-02-03,Refunded,286
495,PAY-351225,Apple Pay,2024-07-11,Refunded,219
496,PAY-341683,Credit Card,2024-03-02,Pending,1032
497,PAY-478771,PayPal,2024-09-09,Refunded,822
498,PAY-198397,PayPal,2024-05-16,Refunded,1564
499,PAY-826844,Credit Card,2024-02-24,Refunded,1853
500,PAY-585491,Apple Pay,2024-02-03,Refunded,366
501,PAY-988606,Apple Pay,2024-11-02,Pending,447
502,PAY-940726,Credit Card,2024-07-13,Pending,486
503,PAY-636440,Apple Pay,2024-05-13,Completed,845
504,PAY-455678,Bank Transfer,2024-07-30,Completed,1373
505,PAY-274769,Credit Card,2024-08-19,Refunded,1126
506,PAY-970876,Credit Card,2024-07-11,Pending,150
507,PAY-303166,PayPal,2024-05-23,Refunded,57
508,PAY-692282,PayPal,2024-01-03,Failed,1674
509,PAY-831731,PayPal,2024-08-14,Completed,364
510,PAY-758707,Bank Transfer,2024-12-05,Pending,570
511,PAY-183613,Credit Card,2024-11-18,Pending,1680
512,PAY-220832,Debit Card,2024-11-08,Completed,1233
513,PAY-299410,Apple Pay,2024-08-23,Failed,428
514,PAY-182054,Apple Pay,2024-07-01,Pending,196
515,PAY-563506,Bank Transfer,2024-12-31,Refunded,191
516,PAY-250382,Credit Card,2024-12-17,Refunded,143
517,PAY-917207,Credit Card,2024-08-13,Completed,1202
518,PAY-110871,Credit Card,2024-08-03,Completed,539
519,PAY-454351,Debit Card,2024-08-06,Pending,578
520,PAY-786969,PayPal,2024-09-18,Refunded,832
521,PAY-278490,Apple Pay,2024-09-01,Pending,1771
522,PAY-892508,Bank Transfer,2024-03-02,Refunded,846
523,PAY-137838,Apple Pay,2024-04-23,Completed,1273
524,PAY-861336,Apple Pay,2024-06-28,Failed,1196
525,PAY-559246,PayPal,2024-09-27,Completed,965
526,PAY-814338,Credit Card,2024-02-13,Pending,205
527,PAY-962731,Credit Card,2024-05-16,Completed,1891
528,PAY-608896,Credit Card,2024-12-13,Pending,1143
529,PAY-988253,PayPal,2024-07-05,Completed,1621
530,PAY-978618,Apple Pay,2024-03-27,Failed,1995
531,PAY-860056,Debit Card,2024-11-03,Refunded,1479
532,PAY-215328,Credit Card,2024-06-10,Completed,276
533,PAY-269631,Bank Transfer,2024-12-16,Failed,663
534,PAY-695059,Apple Pay,2024-05-08,Completed,1382
535,PAY-464167,PayPal,2024-09-07,Failed,1211
536,PAY-602359,PayPal,2024-05-31,Pending,834
537,PAY-694678,Credit Card,2024-06-20,Failed,395
538,PAY-177376,Debit Card,2024-02-04,Pending,1005
539,PAY-986122,PayPal,2024-03-31,Completed,78
540,PAY-231405,Debit Card,2024-03-03,Pending,1706
541,PAY-706280,Credit Card,2024-12-16,Pending,1521
542,PAY-880132,Apple Pay,2024-06-01,Completed,1503
543,PAY-723341,Apple Pay,2024-08-22,Pending,649
544,PAY-308031,Debit Card,2024-06-06,Refunded,1076
545,PAY-475885,Apple Pay,2024-06-03,Refunded,1774
546,PAY-330180,Debit Card,2024-08-13,Refunded,1000
547,PAY-691993,Bank Transfer,2024-03-07,Failed,410
548,PAY-406280,Debit Card,2024-07-18,Refunded,1733
549,PAY-847332,Apple Pay,2024-06-26,Failed,1517
550,PAY-496653,Apple Pay,2024-04-26,Failed,732
551,PAY-894269,Credit Card,2024-08-29,Failed,770
552,PAY-143870,Bank Transfer,2024-11-02,Pending,1091
553,PAY-466157,Debit Card,2024-03-25,Refunded,1178
554,PAY-843079,Bank Transfer,2024-04-09,Failed,1822
555,PAY-799614,Credit Card,2024-06-23,Completed,1260
556,PAY-918079,Bank Transfer,2024-07-29,Pending,738
557,PAY-997802,Apple Pay,2024-11-11,Completed,155
558,PAY-705763,Credit Card,2024-11-09,Completed,1483
559,PAY-176909,Credit Card,2024-05-22,Failed,560
560,PAY-389378,PayPal,2024-11-11,Completed,1354
561,PAY-892398,Debit Card,2024-05-11,Pending,935
562,PAY-687012,Apple Pay,2024-12-17,Refunded,1011
563,PAY-715496,Bank Transfer,2024-12-21,Completed,1768
564,PAY-773752,Apple Pay,2024-09-15,Failed,1488
565,PAY-930341,Apple Pay,2024-04-12,Completed,1274
566,PAY-390507,Apple Pay,2024-06-18,Pending,1676
567,PAY-972805,Bank Transfer,2024-08-19,Completed,838
568,PAY-371477,Bank Transfer,2024-11-10,Failed,972
569,PAY-989188,Bank Transfer,2024-06-16,Pending,1276
570,PAY-178784,Debit Card,2024-01-07,Refunded,1728
571,PAY-795651,Debit Card,2024-04-06,Completed,1183
572,PAY-737254,PayPal,2024-03-22,Completed,1645
573,PAY-593952,Credit Card,2024-09-13,Completed,1237
574,PAY-669273,Bank Transfer,2024-11-17,Completed,956
575,PAY-207239,Debit Card,2024-03-20,Refunded,131
576,PAY-253485,Bank Transfer,2024-12-16,Failed,11
577,PAY-590716,Apple Pay,2024-08-22,Failed,1664
578,PAY-459388,Apple Pay,2024-11-15,Completed,130
579,PAY-907327,Apple Pay,2024-02-27,Pending,329
580,PAY-321182,PayPal,2024-05-13,Failed,794
581,PAY-732197,Bank Transfer,2024-09-19,Failed,1353
582,PAY-604277,PayPal,2024-06-28,Refunded,474
583,PAY-653839,PayPal,2024-03-25,Failed,418
584,PAY-789322,PayPal,2024-11-16,Pending,696
585,PAY-204410,Credit Card,2024-07-15,Pending,1668
586,PAY-416283,PayPal,2024-02-05,Failed,770
587,PAY-354545,Debit Card,2024-11-05,Completed,843
588,PAY-386434,Apple Pay,2024-10-23,Failed,397
589,PAY-975621,PayPal,2024-07-21,Failed,250
590,PAY-640846,Debit Card,2024-05-07,Completed,1924
591,PAY-632789,Credit Card,2024-04-06,Refunded,1124
592,PAY-895758,PayPal,2024-12-04,Completed,1873
593,PAY-524787,PayPal,2024-08-21,Pending,1933
594,PAY-375469,Bank Transfer,2024-10-13,Refunded,1074
595,PAY-548305,PayPal,2024-06-11,Refunded,1740
596,PAY-330585,Bank Transfer,2024-09-09,Completed,1954
597,PAY-178430,Apple Pay,2024-03-30,Refunded,1081
598,PAY-796211,PayPal,2024-09-13,Failed,1600
599,PAY-877262,Credit Card,2024-06-27,Failed,687
600,PAY-370853,Credit Card,2024-08-23,Refunded,338
601,PAY-504979,Bank Transfer,2024-08-15,Pending,1790
602,PAY-487913,Debit Card,2024-05-20,Pending,577
603,PAY-708336,Bank Transfer,2024-12-08,Pending,465
604,PAY-507610,Credit Card,2024-12-06,Failed,318
605,PAY-540039,Credit Card,2024-08-10,Failed,291
606,PAY-441947,Debit Card,2024-10-29,Completed,883
607,PAY-721050,Debit Card,2024-07-04,Completed,1967
608,PAY-989858,PayPal,2024-03-08,Pending,1030
609,PAY-747772,Bank Transfer,2024-08-17,Completed,1583
610,PAY-626257,Apple Pay,2024-09-17,Refunded,875
611,PAY-349681,Credit Card,2024-01-26,Refunded,302
612,PAY-864241,Credit Card,2024-11-21,Completed,790
613,PAY-900445,Debit Card,2024-07-02,Failed,242
614,PAY-397019,PayPal,2024-07-26,Refunded,725
615,PAY-565654,Debit Card,2024-06-30,Refunded,1458
616,PAY-893956,Apple Pay,2024-10-09,Refunded,852
617,PAY-782107,Apple Pay,2024-01-27,Failed,490
618,PAY-688616,Bank Transfer,2024-03-16,Refunded,488
619,PAY-105083,Apple Pay,2024-01-17,Failed,1879
620,PAY-710714,Apple Pay,2024-10-16,Refunded,643
621,PAY-356265,PayPal,2024-01-15,Failed,887
622,PAY-717684,PayPal,2024-04-16,Pending,1657
623,PAY-878227,Debit Card,2024-02-25,Pending,1062
624,PAY-139605,Debit Card,2024-08-21,Completed,666
625,PAY-663683,Debit Card,2024-10-13,Refunded,1703
626,PAY-543288,Debit Card,2024-03-16,Completed,325
627,PAY-178710,Credit Card,2024-08-18,Completed,783
628,PAY-666670,Debit Card,2024-04-04,Failed,333
629,PAY-455972,Credit Card,2024-12-27,Pending,1658
630,PAY-541212,Credit Card,2024-12-05,Refunded,459
631,PAY-618482,Debit Card,2024-02-15,Pending,1417
632,PAY-963484,PayPal,2024-05-31,Refunded,1135
633,PAY-970528,Credit Card,2024-09-16,Failed,487
634,PAY-581180,Bank Transfer,2024-03-19,Refunded,1938
635,PAY-565479,Debit Card,2024-09-23,Failed,518
636,PAY-860600,Credit Card,2024-05-03,Pending,1764
637,PAY-124590,Apple Pay,2024-06-30,Refunded,333
638,PAY-437047,PayPal,2024-03-28,Pending,32
639,PAY-922983,Apple Pay,2024-11-12,Failed,688
640,PAY-165634,Bank Transfer,2024-01-24,Pending,459
641,PAY-724846,Debit Card,2024-06-08,Completed,1422
642,PAY-808702,Apple Pay,2024-08-18,Completed,1018
643,PAY-594509,Apple Pay,2024-05-15,Pending,1080
644,PAY-355320,Bank Transfer,2024-04-03,Refunded,1144
645,PAY-388084,Credit Card,2024-05-14,Pending,1194
646,PAY-526598,Debit Card,2024-02-20,Pending,648
647,PAY-994079,Bank Transfer,2024-03-31,Pending,399
648,PAY-727967,PayPal,2024-10-31,Completed,381
649,PAY-162005,PayPal,2024-09-19,Refunded,1290
650,PAY-116970,PayPal,2024-09-25,Completed,41
651,PAY-451669,Credit Card,2024-10-21,Pending,1213
652,PAY-524961,Credit Card,2024-05-02,Completed,789
653,PAY-565605,Bank Transfer,2024-02-06,Pending,1675
654,PAY-653827,PayPal,2024-05-24,Completed,395
655,PAY-727697,Apple Pay,2024-10-28,Pending,1805
656,PAY-689439,Debit Card,2024-01-13,Pending,878
657,PAY-633930,Debit Card,2024-10-31,Refunded,1421
658,PAY-637371,PayPal,2024-02-12,Pending,226
659,PAY-997835,Apple Pay,2024-03-14,Pending,531
660,PAY-189061,Bank Transfer,2024-04-01,Refunded,1994
661,PAY-472795,Apple Pay,2024-10-07,Pending,1664
662,PAY-677485,Debit Card,2024-05-27,Pending,736
663,PAY-275942,Apple Pay,2024-08-21,Failed,775
664,PAY-914718,Debit Card,2024-12-21,Failed,500
665,PAY-259449,Apple Pay,2024-05-30,Pending,1512
666,PAY-834584,Credit Card,2024-06-18,Completed,987
667,PAY-894390,Debit Card,2024-10-22,Refunded,1825
668,PAY-230588,Debit Card,2024-09-11,Refunded,253
669,PAY-692577,Apple Pay,2024-08-28,Failed,133
670,PAY-857352,PayPal,2024-02-08,Failed,593
671,PAY-244063,Apple Pay,2024-12-29,Completed,743
672,PAY-652262,Bank Transfer,2024-01-30,Failed,1225
673,PAY-472610,Apple Pay,2024-01-11,Pending,1731
674,PAY-939598,Debit Card,2024-02-07,Refunded,1379
675,PAY-185735,Bank Transfer,2024-08-28,Pending,107
676,PAY-614242,Debit Card,2024-10-25,Completed,1850
677,PAY-942854,Credit Card,2024-08-17,Completed,593
678,PAY-879622,Credit Card,2024-05-06,Failed,1280
679,PAY-710891,Apple Pay,2024-01-26,Pending,986
680,PAY-616619,Credit Card,2024-01-14,Refunded,1323
681,PAY-121703,Apple Pay,2024-09-13,Pending,1394
682,PAY-470133,Credit Card,2024-05-04,Failed,1980
683,PAY-400304,Apple Pay,2024-09-28,Failed,1319
684,PAY-143924,Bank Transfer,2024-10-20,Refunded,1793
685,PAY-755526,Debit Card,2024-01-30,Pending,1536
686,PAY-399601,PayPal,2024-03-04,Failed,1487
687,PAY-884036,Debit Card,2024-04-23,Completed,25
688,PAY-356955,Debit Card,2024-11-08,Completed,1445
689,PAY-276378,PayPal,2024-06-26,Pending,249
690,PAY-411330,Credit Card,2024-01-17,Refunded,832
691,PAY-459598,PayPal,2024-11-20,Failed,1299
692,PAY-476935,Bank Transfer,2024-08-26,Completed,759
693,PAY-927036,Apple Pay,2024-09-05,Refunded,174
694,PAY-920567,PayPal,2024-07-20,Refunded,1771
695,PAY-295728,Apple Pay,2024-07-13,Pending,1973
696,PAY-729636,PayPal,2024-03-21,Refunded,680
697,PAY-941707,PayPal,2024-12-14,Completed,1416
698,PAY-770146,Debit Card,2024-03-31,Pending,905
699,PAY-120986,Apple Pay,2024-05-28,Completed,588
700,PAY-695491,Debit Card,2024-07-08,Pending,1023
701,PAY-884450,PayPal,2024-11-09,Failed,1868
702,PAY-614628,Apple Pay,2024-11-08,Completed,580
703,PAY-966311,Bank Transfer,2024-11-29,Pending,1527
704,PAY-344790,Bank Transfer,2024-10-20,Pending,719
705,PAY-861268,Apple Pay,2024-08-14,Pending,456
706,PAY-833470,Debit Card,2024-01-21,Completed,272
707,PAY-393550,PayPal,2024-10-06,Refunded,243
708,PAY-964281,Debit Card,2024-06-28,Refunded,1354
709,PAY-884223,Credit Card,2024-12-10,Pending,1996
710,PAY-772678,Bank Transfer,2024-12-15,Completed,745
711,PAY-172330,Debit Card,2024-10-03,Completed,1780
712,PAY-614748,Bank Transfer,2024-07-15,Completed,1379
713,PAY-454133,Apple Pay,2024-09-30,Failed,1745
714,PAY-628126,PayPal,2024-02-12,Pending,922
715,PAY-461568,Credit Card,2024-11-25,Pending,1982
716,PAY-286105,Bank Transfer,2024-01-27,Pending,1448
717,PAY-598383,PayPal,2024-10-22,Failed,604
718,PAY-766781,Bank Transfer,2024-05-18,Refunded,1754
719,PAY-756350,PayPal,2024-05-25,Failed,750
720,PAY-637219,Apple Pay,2024-12-30,Failed,1587
721,PAY-621839,Credit Card,2024-07-01,Pending,1881
722,PAY-524317,Apple Pay,2024-06-24,Failed,336
723,PAY-336501,Credit Card,2024-10-25,Completed,1919
724,PAY-897089,PayPal,2024-04-25,Pending,1591
725,PAY-543363,PayPal,2024-04-28,Failed,195
726,PAY-799763,Credit Card,2024-03-31,Refunded,188
727,PAY-674851,Apple Pay,2024-05-25,Completed,176
728,PAY-513450,PayPal,2024-01-15,Pending,1687
729,PAY-736429,Debit Card,2024-08-23,Failed,1755
730,PAY-215154,Apple Pay,2024-02-12,Completed,759
731,PAY-475410,Bank Transfer,2024-08-29,Failed,556
732,PAY-787930,PayPal,2024-07-06,Refunded,910
733,PAY-125623,PayPal,2024-11-08,Pending,1877
734,PAY-356817,Apple Pay,2024-01-05,Pending,1627
735,PAY-624792,Apple Pay,2024-07-06,Refunded,811
736,PAY-378462,Bank Transfer,2024-04-27,Refunded,419
737,PAY-542904,Debit Card,2024-04-25,Failed,188
738,PAY-488589,PayPal,2024-06-17,Pending,49
739,PAY-815715,Apple Pay,2024-02-02,Completed,1227
740,PAY-939670,Apple Pay,2024-02-16,Pending,1456
741,PAY-899681,Bank Transfer,2024-04-03,Refunded,1589
742,PAY-924131,Apple Pay,2024-10-04,Failed,1087
743,PAY-819416,Bank Transfer,2024-02-24,Pending,1749
744,PAY-827363,PayPal,2024-08-01,Completed,129
745,PAY-577700,Debit Card,2024-09-14,Pending,820
746,PAY-345325,Apple Pay,2024-10-26,Failed,540
747,PAY-284650,Bank Transfer,2024-07-31,Failed,1316
748,PAY-850062,PayPal,2024-06-30,Pending,397
749,PAY-501052,Debit Card,2024-02-08,Pending,351
750,PAY-622984,Apple Pay,2024-06-24,Completed,471
751,PAY-916289,Credit Card,2024-08-14,Failed,696
752,PAY-730666,Credit Card,2024-04-30,Refunded,420
753,PAY-838795,Credit Card,2024-10-01,Completed,1565
754,PAY-164175,Bank Transfer,2024-05-27,Failed,1706
755,PAY-633202,Apple Pay,2024-09-15,Failed,1383
756,PAY-439425,Credit Card,2024-11-13,Failed,561
757,PAY-938900,Apple Pay,2024-06-06,Refunded,1945
758,PAY-731689,PayPal,2024-11-29,Refunded,1403
759,PAY-347681,PayPal,2024-11-10,Refunded,205
760,PAY-236000,Credit Card,2024-12-07,Failed,1615
761,PAY-414972,Credit Card,2024-04-25,Refunded,568
762,PAY-827325,Debit Card,2024-09-28,Completed,1593
763,PAY-555123,PayPal,2024-09-06,Failed,624
764,PAY-250592,PayPal,2024-10-07,Refunded,1725
765,PAY-269671,Debit Card,2024-02-02,Pending,1501
766,PAY-690417,Debit Card,2024-05-06,Pending,1862
767,PAY-904518,Debit Card,2024-07-24,Refunded,699
768,PAY-579615,Debit Card,2024-06-10,Pending,793
769,PAY-248756,PayPal,2024-03-29,Refunded,1716
770,PAY-381048,Bank Transfer,2024-07-19,Completed,448
771,PAY-251856,Debit Card,2024-09-23,Failed,436
772,PAY-854259,Apple Pay,2024-11-05,Failed,1580
773,PAY-599838,Credit Card,2024-11-28,Pending,432
774,PAY-538245,Apple Pay,2024-11-08,Completed,1626
775,PAY-165572,Debit Card,2024-05-06,Failed,1833
776,PAY-969364,Credit Card,2024-03-30,Pending,898
777,PAY-849400,Apple Pay,2024-05-02,Failed,1592
778,PAY-477924,PayPal,2024-06-15,Refunded,1769
779,PAY-630148,Bank Transfer,2024-02-01,Pending,449
780,PAY-271754,Debit Card,2024-11-03,Failed,1856
781,PAY-177580,Debit Card,2024-10-09,Failed,1888
782,PAY-518001,Credit Card,2024-05-16,Failed,1939
783,PAY-779597,Apple Pay,2024-12-15,Failed,1511
784,PAY-945975,Credit Card,2024-04-17,Failed,1384
785,PAY-807264,Debit Card,2024-05-30,Refunded,82
786,PAY-254476,Debit Card,2024-06-06,Pending,1748
787,PAY-689421,PayPal,2024-06-05,Completed,816
788,PAY-546739,PayPal,2024-07-17,Completed,981
789,PAY-741088,PayPal,2024-09-22,Failed,461
790,PAY-392974,PayPal,2024-04-04,Refunded,1388
791,PAY-672815,Apple Pay,2024-05-19,Completed,1320
792,PAY-663233,Debit Card,2024-10-12,Pending,318
793,PAY-407088,PayPal,2024-11-29,Refunded,61
794,PAY-198462,Credit Card,2024-06-28,Refunded,1601
795,PAY-206191,PayPal,2024-10-10,Pending,572
796,PAY-955624,Bank Transfer,2024-11-25,Refunded,383
797,PAY-969972,PayPal,2024-12-22,Refunded,146
798,PAY-869280,PayPal,2024-04-10,Completed,590
799,PAY-602155,Credit Card,2024-04-13,Completed,1985
800,PAY-492547,PayPal,2024-11-15,Completed,1589
801,PAY-545860,Bank Transfer,2024-04-26,Failed,985
802,PAY-657843,Credit Card,2024-10-24,Completed,1615
803,PAY-934922,Apple Pay,2024-11-27,Refunded,1741
804,PAY-883970,Bank Transfer,2024-08-27,Pending,875
805,PAY-381011,Debit Card,2024-09-23,Failed,127
806,PAY-206324,Debit Card,2024-02-03,Refunded,1645
807,PAY-869406,Apple Pay,2024-01-13,Pending,1831
808,PAY-805965,Bank Transfer,2024-07-30,Completed,311
809,PAY-212527,Apple Pay,2024-07-24,Failed,1746
810,PAY-620104,Credit Card,2024-11-30,Pending,1941
811,PAY-574087,Apple Pay,2024-03-27,Pending,213
812,PAY-459501,Bank Transfer,2024-11-15,Pending,731
813,PAY-877369,Bank Transfer,2024-06-05,Failed,170
814,PAY-982438,PayPal,2024-03-13,Completed,646
815,PAY-335049,Apple Pay,2024-10-23,Pending,924
816,PAY-538559,Apple Pay,2024-11-07,Failed,694
817,PAY-320786,Credit Card,2024-04-09,Refunded,1986
818,PAY-859834,Debit Card,2024-10-10,Refunded,1861
819,PAY-775968,PayPal,2024-12-03,Pending,1226
820,PAY-701763,Bank Transfer,2024-05-14,Completed,489
821,PAY-306035,Debit Card,2024-02-10,Failed,378
822,PAY-935582,Apple Pay,2024-05-07,Refunded,560
823,PAY-611436,Debit Card,2024-12-25,Pending,725
824,PAY-564369,Credit Card,2024-03-04,Refunded,1597
825,PAY-295929,Debit Card,2024-10-17,Refunded,532
826,PAY-175725,Apple Pay,2024-10-09,Completed,553
827,PAY-277024,Debit Card,2024-02-09,Failed,1467
828,PAY-459086,Credit Card,2024-05-17,Refunded,1131
829,PAY-205311,Debit Card,2024-09-23,Refunded,516
830,PAY-356448,Debit Card,2024-04-25,Failed,1451
831,PAY-857729,Apple Pay,2024-12-25,Completed,1806
832,PAY-415909,Credit Card,2024-05-30,Completed,1968
833,PAY-818406,Credit Card,2024-05-13,Failed,75
834,PAY-557056,Bank Transfer,2024-05-26,Completed,209
835,PAY-245530,Debit Card,2024-07-23,Failed,1046
836,PAY-196134,Credit Card,2024-07-15,Refunded,1805
837,PAY-497004,Debit Card,2024-07-16,Refunded,711
838,PAY-245083,Apple Pay,2024-06-02,Completed,231
839,PAY-190721,Apple Pay,2024-09-11,Completed,1137
840,PAY-424143,Credit Card,2024-04-19,Completed,654
841,PAY-335455,Bank Transfer,2024-07-11,Completed,1098
842,PAY-406162,Bank Transfer,2024-02-10,Refunded,72
843,PAY-114079,Apple Pay,2024-02-16,Failed,1662
844,PAY-868570,Apple Pay,2024-01-06,Pending,200
845,PAY-448717,PayPal,2024-12-31,Failed,1269
846,PAY-392063,PayPal,2024-07-21,Pending,607
847,PAY-137979,Credit Card,2024-08-04,Pending,1064
848,PAY-248654,Debit Card,2024-04-19,Failed,539
849,PAY-708538,Bank Transfer,2024-06-14,Failed,1492
850,PAY-676212,Apple Pay,2024-06-03,Refunded,1727
851,PAY-659719,Credit Card,2024-01-21,Completed,161
852,PAY-963627,PayPal,2024-05-17,Failed,1972
853,PAY-798528,PayPal,2024-09-18,Completed,1153
854,PAY-565818,PayPal,2024-03-28,Completed,756
855,PAY-385213,Credit Card,2024-01-13,Refunded,745
856,PAY-399143,Apple Pay,2024-02-09,Failed,673
857,PAY-896431,Credit Card,2024-01-08,Pending,1617
858,PAY-347360,Credit Card,2024-10-16,Completed,413
859,PAY-880004,Apple Pay,2024-03-23,Pending,1566
860,PAY-946930,Credit Card,2024-03-21,Refunded,1066
861,PAY-239849,Apple Pay,2024-01-31,Refunded,1069
862,PAY-808092,Bank Transfer,2024-02-22,Failed,1893
863,PAY-327941,Credit Card,2024-05-04,Pending,1951
864,PAY-557639,PayPal,2024-09-28,Refunded,227
865,PAY-801810,PayPal,2024-06-29,Pending,1328
866,PAY-775815,PayPal,2024-04-02,Completed,1473
867,PAY-243926,Apple Pay,2024-01-20,Completed,479
868,PAY-411284,Apple Pay,2024-09-03,Failed,440
869,PAY-456216,Bank Transfer,2024-04-01,Refunded,1328
870,PAY-534165,PayPal,2024-02-11,Failed,356
871,PAY-231091,Bank Transfer,2024-07-16,Pending,844
872,PAY-128541,Bank Transfer,2024-07-08,Failed,853
873,PAY-488149,Bank Transfer,2024-05-07,Completed,727
874,PAY-104509,Bank Transfer,2024-01-12,Refunded,747
875,PAY-123145,PayPal,2024-06-15,Failed,1526
876,PAY-667498,Bank Transfer,2024-07-24,Pending,1892
877,PAY-244994,Credit Card,2024-05-30,Completed,1509
878,PAY-943107,Bank Transfer,2024-03-26,Pending,1080
879,PAY-485515,Bank Transfer,2024-09-04,Pending,1095
880,PAY-504270,Debit Card,2024-10-06,Failed,678
881,PAY-869774,Credit Card,2024-12-30,Pending,343
882,PAY-338546,PayPal,2024-08-03,Failed,19
883,PAY-137710,Apple Pay,2024-01-17,Pending,340
884,PAY-267624,Debit Card,2024-09-26,Failed,853
885,PAY-614825,PayPal,2024-05-09,Failed,703
886,PAY-753000,Credit Card,2024-08-01,Completed,142
887,PAY-515128,Apple Pay,2024-03-20,Pending,1316
888,PAY-208980,PayPal,2024-02-17,Completed,1975
889,PAY-769749,Credit Card,2024-09-24,Failed,689
890,PAY-677705,Bank Transfer,2024-10-03,Refunded,373
891,PAY-932193,PayPal,2024-04-09,Completed,1443
892,PAY-167642,Credit Card,2024-05-28,Failed,625
893,PAY-261603,PayPal,2024-07-14,Completed,737
894,PAY-298267,Debit Card,2024-09-02,Refunded,1491
895,PAY-434341,Debit Card,2024-08-23,Pending,922
896,PAY-138534,Apple Pay,2024-07-12,Failed,472
897,PAY-526880,Apple Pay,2024-06-22,Refunded,1188
898,PAY-777722,Debit Card,2024-06-09,Completed,1241
899,PAY-649334,PayPal,2024-11-21,Pending,1380
900,PAY-796395,PayPal,2024-12-29,Pending,1410
901,PAY-762789,Apple Pay,2024-02-19,Refunded,1431
902,PAY-483514,Debit Card,2024-02-28,Pending,1376
903,PAY-242664,PayPal,2024-05-11,Refunded,1252
904,PAY-336658,Apple Pay,2024-03-17,Refunded,1688
905,PAY-137077,PayPal,2024-01-03,Refunded,1865
906,PAY-473872,Debit Card,2024-08-17,Completed,25
907,PAY-357307,PayPal,2024-08-23,Failed,1165
908,PAY-738684,Bank Transfer,2024-09-26,Refunded,1038
909,PAY-477978,PayPal,2024-10-25,Completed,127
910,PAY-193073,Debit Card,2024-07-04,Refunded,1254
911,PAY-232593,Apple Pay,2024-01-10,Pending,448
912,PAY-843915,Apple Pay,2024-07-20,Pending,15
913,PAY-198722,Debit Card,2024-08-21,Pending,373
914,PAY-434581,Credit Card,2024-02-08,Pending,1987
915,PAY-477161,Debit Card,2024-11-11,Refunded,1255
916,PAY-524316,Apple Pay,2024-11-06,Pending,606
917,PAY-696583,Debit Card,2024-10-24,Completed,1202
918,PAY-279578,Bank Transfer,2024-07-05,Refunded,1103
919,PAY-673312,PayPal,2024-06-15,Pending,651
920,PAY-426144,Credit Card,2024-06-08,Failed,393
921,PAY-600239,Credit Card,2024-09-02,Completed,88
922,PAY-110332,PayPal,2024-06-14,Failed,951
923,PAY-226484,Credit Card,2024-10-24,Refunded,1066
924,PAY-436814,Bank Transfer,2024-07-09,Completed,836
925,PAY-811075,Bank Transfer,2024-05-20,Failed,1683
926,PAY-322182,Credit Card,2024-12-05,Pending,374
927,PAY-820360,Debit Card,2024-12-22,Refunded,1091
928,PAY-537521,PayPal,2024-04-25,Pending,172
929,PAY-150872,Credit Card,2024-07-27,Completed,653
930,PAY-579790,Apple Pay,2024-06-02,Refunded,1740
931,PAY-684681,PayPal,2024-05-20,Refunded,1276
932,PAY-916226,Debit Card,2024-01-07,Failed,196
933,PAY-532001,PayPal,2024-12-07,Failed,381
934,PAY-165778,Debit Card,2024-10-27,Refunded,1329
935,PAY-563025,PayPal,2024-02-23,Pending,885
936,PAY-905643,Apple Pay,2024-08-05,Completed,1669
937,PAY-695159,Apple Pay,2024-06-12,Completed,920
938,PAY-957995,Bank Transfer,2024-12-20,Refunded,1057
939,PAY-145894,PayPal,2024-08-01,Pending,1204
940,PAY-608428,PayPal,2024-10-09,Completed,972
941,PAY-241599,PayPal,2024-02-10,Pending,1624
942,PAY-163511,Credit Card,2024-03-02,Pending,1968
943,PAY-859006,Debit Card,2024-12-15,Refunded,653
944,PAY-327786,Credit Card,2024-02-26,Refunded,29
945,PAY-153564,Bank Transfer,2024-11-17,Pending,1183
946,PAY-950310,Bank Transfer,2024-08-14,Failed,1687
947,PAY-844887,Credit Card,2024-04-10,Completed,1051
948,PAY-552570,Debit Card,2024-06-15,Completed,808
949,PAY-618669,Debit Card,2024-07-08,Refunded,1733
950,PAY-432390,Debit Card,2024-12-22,Failed,431
951,PAY-145954,Credit Card,2024-12-16,Failed,787
952,PAY-625213,Debit Card,2024-07-14,Refunded,96
953,PAY-640845,Apple Pay,2024-07-03,Pending,44
954,PAY-716797,Debit Card,2024-08-03,Completed,1371
955,PAY-660632,Debit Card,2024-06-28,Failed,983
956,PAY-487391,Apple Pay,2024-12-20,Pending,581
957,PAY-433535,Debit Card,2024-07-08,Pending,876
958,PAY-495805,Credit Card,2024-02-22,Refunded,1409
959,PAY-112823,Bank Transfer,2024-09-09,Failed,1161
960,PAY-784547,Apple Pay,2024-05-06,Pending,1776
961,PAY-300414,Debit Card,2024-08-29,Pending,1860
962,PAY-716338,Debit Card,2024-11-19,Completed,801
963,PAY-180322,Debit Card,2024-02-05,Pending,938
964,PAY-862143,Apple Pay,2024-12-24,Pending,386
965,PAY-730535,Debit Card,2024-01-10,Pending,543
966,PAY-215831,Apple Pay,2024-11-02,Pending,328
967,PAY-755161,PayPal,2024-04-12,Pending,123
968,PAY-823986,Apple Pay,2024-12-01,Pending,393
969,PAY-187291,Credit Card,2024-09-07,Failed,121
970,PAY-401747,PayPal,2024-06-21,Refunded,1778
971,PAY-575463,Debit Card,2024-09-28,Failed,1471
972,PAY-212909,PayPal,2024-03-27,Completed,802
973,PAY-961559,PayPal,2024-08-21,Failed,386
974,PAY-514701,Credit Card,2024-03-30,Completed,103
975,PAY-324343,Debit Card,2024-05-22,Completed,544
976,PAY-864662,Apple Pay,2024-08-27,Pending,1202
977,PAY-781066,Apple Pay,2024-10-10,Failed,248
978,PAY-553315,Debit Card,2024-08-25,Completed,1817
979,PAY-357545,Bank Transfer,2024-06-12,Failed,1148
980,PAY-695673,Credit Card,2024-01-16,Pending,114
981,PAY-167941,Debit Card,2024-05-11,Pending,1877
982,PAY-516376,Bank Transfer,2024-09-28,Pending,840
983,PAY-364151,Apple Pay,2024-05-22,Refunded,1595
984,PAY-485317,PayPal,2024-09-07,Pending,307
985,PAY-971440,Credit Card,2024-12-03,Refunded,1287
986,PAY-587721,Apple Pay,2024-02-27,Failed,1263
987,PAY-550129,PayPal,2024-08-06,Pending,1952
988,PAY-970407,Apple Pay,2024-01-31,Pending,1423
989,PAY-387933,Credit Card,2024-07-09,Pending,837
990,PAY-932183,Apple Pay,2024-08-01,Completed,1831
991,PAY-237527,Debit Card,2024-08-01,Pending,1635
992,PAY-925601,Bank Transfer,2024-05-07,Completed,1762
993,PAY-833950,Debit Card,2024-12-25,Pending,1174
994,PAY-777590,Apple Pay,2024-06-22,Completed,392
995,PAY-491484,Debit Card,2024-07-09,Failed,1818
996,PAY-758654,Apple Pay,2024-12-03,Failed,1243
997,PAY-354727,Bank Transfer,2024-07-25,Failed,846
998,PAY-345054,Apple Pay,2024-12-18,Pending,1812
999,PAY-731968,Debit Card,2024-12-27,Completed,1817
1000,PAY-944313,Apple Pay,2024-11-03,Completed,691
